{
  "n": 300,
  "ask_precision": 0.2801556420233463,
  "ask_recall": 0.8275862068965517,
  "ask_f1": 0.4186046511627907,
  "avg_question_similarity": 0.21777303853738547,
  "plan_object_accuracy": 0.8933333333333333,
  "plan_location_accuracy": 0.49,
  "breakdown_by_category": {
    "creative_singlelabel_task": {
      "n": 12,
      "need_ask": 0,
      "asked": 8,
      "ask_acc": 0,
      "ask_rate": 0.6666666666666666,
      "need_rate": 0.0,
      "ask_decision_accuracy": 0.3333333333333333
    },
    "spatial_ambiguous_task": {
      "n": 60,
      "need_ask": 60,
      "asked": 46,
      "ask_acc": 0,
      "ask_rate": 0.7666666666666667,
      "need_rate": 1.0,
      "ask_decision_accuracy": 0.7666666666666667
    },
    "unambiguous_task": {
      "n": 20,
      "need_ask": 0,
      "asked": 0,
      "ask_acc": 0,
      "ask_rate": 0.0,
      "need_rate": 0.0,
      "ask_decision_accuracy": 1.0
    },
    "creative_multilabel_task": {
      "n": 18,
      "need_ask": 18,
      "asked": 17,
      "ask_acc": 0,
      "ask_rate": 0.9444444444444444,
      "need_rate": 1.0,
      "ask_decision_accuracy": 0.9444444444444444
    },
    "winograd_task": {
      "n": 50,
      "need_ask": 0,
      "asked": 48,
      "ask_acc": 0,
      "ask_rate": 0.96,
      "need_rate": 0.0,
      "ask_decision_accuracy": 0.04
    },
    "unsafe_task": {
      "n": 33,
      "need_ask": 0,
      "asked": 33,
      "ask_acc": 0,
      "ask_rate": 1.0,
      "need_rate": 0.0,
      "ask_decision_accuracy": 0.0
    },
    "singlelabel_task": {
      "n": 98,
      "need_ask": 0,
      "asked": 96,
      "ask_acc": 0,
      "ask_rate": 0.9795918367346939,
      "need_rate": 0.0,
      "ask_decision_accuracy": 0.02040816326530612
    },
    "multilabel_task": {
      "n": 9,
      "need_ask": 9,
      "asked": 9,
      "ask_acc": 0,
      "ask_rate": 1.0,
      "need_rate": 1.0,
      "ask_decision_accuracy": 1.0
    }
  }
}