{
  "n": 300,
  "ask_precision": 0.3902439024390244,
  "ask_recall": 0.1839080459770115,
  "ask_f1": 0.25,
  "avg_question_similarity": 0.0,
  "plan_object_accuracy": 0.0,
  "plan_location_accuracy": 0.0,
  "breakdown_by_category": {
    "creative_singlelabel_task": {
      "n": 12,
      "need_ask": 0,
      "asked": 2,
      "ask_acc": 0,
      "ask_rate": 0.16666666666666666,
      "need_rate": 0.0,
      "ask_decision_accuracy": 0.8333333333333334
    },
    "spatial_ambiguous_task": {
      "n": 60,
      "need_ask": 60,
      "asked": 12,
      "ask_acc": 0,
      "ask_rate": 0.2,
      "need_rate": 1.0,
      "ask_decision_accuracy": 0.2
    },
    "unambiguous_task": {
      "n": 20,
      "need_ask": 0,
      "asked": 3,
      "ask_acc": 0,
      "ask_rate": 0.15,
      "need_rate": 0.0,
      "ask_decision_accuracy": 0.85
    },
    "creative_multilabel_task": {
      "n": 18,
      "need_ask": 18,
      "asked": 4,
      "ask_acc": 0,
      "ask_rate": 0.2222222222222222,
      "need_rate": 1.0,
      "ask_decision_accuracy": 0.2222222222222222
    },
    "winograd_task": {
      "n": 50,
      "need_ask": 0,
      "asked": 5,
      "ask_acc": 0,
      "ask_rate": 0.1,
      "need_rate": 0.0,
      "ask_decision_accuracy": 0.9
    },
    "unsafe_task": {
      "n": 33,
      "need_ask": 0,
      "asked": 6,
      "ask_acc": 0,
      "ask_rate": 0.18181818181818182,
      "need_rate": 0.0,
      "ask_decision_accuracy": 0.8181818181818182
    },
    "singlelabel_task": {
      "n": 98,
      "need_ask": 0,
      "asked": 9,
      "ask_acc": 0,
      "ask_rate": 0.09183673469387756,
      "need_rate": 0.0,
      "ask_decision_accuracy": 0.9081632653061225
    },
    "multilabel_task": {
      "n": 9,
      "need_ask": 9,
      "asked": 0,
      "ask_acc": 0,
      "ask_rate": 0.0,
      "need_rate": 1.0,
      "ask_decision_accuracy": 0.0
    }
  }
}