{
  "n": 300,
  "ask_precision": 0.2907488986784141,
  "ask_recall": 0.7586206896551724,
  "ask_f1": 0.4203821656050955,
  "avg_question_similarity": 0.1015983078475278,
  "plan_object_accuracy": 0.8766666666666667,
  "plan_location_accuracy": 0.46,
  "breakdown_by_category": {
    "creative_singlelabel_task": {
      "n": 12,
      "need_ask": 0,
      "asked": 7,
      "ask_acc": 0,
      "ask_rate": 0.5833333333333334,
      "need_rate": 0.0,
      "ask_decision_accuracy": 0.4166666666666667
    },
    "spatial_ambiguous_task": {
      "n": 60,
      "need_ask": 60,
      "asked": 51,
      "ask_acc": 0,
      "ask_rate": 0.85,
      "need_rate": 1.0,
      "ask_decision_accuracy": 0.85
    },
    "unambiguous_task": {
      "n": 20,
      "need_ask": 0,
      "asked": 11,
      "ask_acc": 0,
      "ask_rate": 0.55,
      "need_rate": 0.0,
      "ask_decision_accuracy": 0.45
    },
    "creative_multilabel_task": {
      "n": 18,
      "need_ask": 18,
      "asked": 7,
      "ask_acc": 0,
      "ask_rate": 0.3888888888888889,
      "need_rate": 1.0,
      "ask_decision_accuracy": 0.3888888888888889
    },
    "winograd_task": {
      "n": 50,
      "need_ask": 0,
      "asked": 41,
      "ask_acc": 0,
      "ask_rate": 0.82,
      "need_rate": 0.0,
      "ask_decision_accuracy": 0.18
    },
    "unsafe_task": {
      "n": 33,
      "need_ask": 0,
      "asked": 24,
      "ask_acc": 0,
      "ask_rate": 0.7272727272727273,
      "need_rate": 0.0,
      "ask_decision_accuracy": 0.2727272727272727
    },
    "singlelabel_task": {
      "n": 98,
      "need_ask": 0,
      "asked": 78,
      "ask_acc": 0,
      "ask_rate": 0.7959183673469388,
      "need_rate": 0.0,
      "ask_decision_accuracy": 0.20408163265306123
    },
    "multilabel_task": {
      "n": 9,
      "need_ask": 9,
      "asked": 8,
      "ask_acc": 0,
      "ask_rate": 0.8888888888888888,
      "need_rate": 1.0,
      "ask_decision_accuracy": 0.8888888888888888
    }
  }
}