{
  "n": 300,
  "ask_precision": 0.28699551569506726,
  "ask_recall": 0.735632183908046,
  "ask_f1": 0.4129032258064516,
  "avg_question_similarity": 0.09906388755683437,
  "plan_object_accuracy": 0.8666666666666667,
  "plan_location_accuracy": 0.45,
  "breakdown_by_category": {
    "creative_singlelabel_task": {
      "n": 12,
      "need_ask": 0,
      "asked": 8,
      "ask_acc": 0,
      "ask_rate": 0.6666666666666666,
      "need_rate": 0.0,
      "ask_decision_accuracy": 0.3333333333333333
    },
    "spatial_ambiguous_task": {
      "n": 60,
      "need_ask": 60,
      "asked": 45,
      "ask_acc": 0,
      "ask_rate": 0.75,
      "need_rate": 1.0,
      "ask_decision_accuracy": 0.75
    },
    "unambiguous_task": {
      "n": 20,
      "need_ask": 0,
      "asked": 17,
      "ask_acc": 0,
      "ask_rate": 0.85,
      "need_rate": 0.0,
      "ask_decision_accuracy": 0.15
    },
    "creative_multilabel_task": {
      "n": 18,
      "need_ask": 18,
      "asked": 10,
      "ask_acc": 0,
      "ask_rate": 0.5555555555555556,
      "need_rate": 1.0,
      "ask_decision_accuracy": 0.5555555555555556
    },
    "winograd_task": {
      "n": 50,
      "need_ask": 0,
      "asked": 38,
      "ask_acc": 0,
      "ask_rate": 0.76,
      "need_rate": 0.0,
      "ask_decision_accuracy": 0.24
    },
    "unsafe_task": {
      "n": 33,
      "need_ask": 0,
      "asked": 23,
      "ask_acc": 0,
      "ask_rate": 0.696969696969697,
      "need_rate": 0.0,
      "ask_decision_accuracy": 0.30303030303030304
    },
    "singlelabel_task": {
      "n": 98,
      "need_ask": 0,
      "asked": 73,
      "ask_acc": 0,
      "ask_rate": 0.7448979591836735,
      "need_rate": 0.0,
      "ask_decision_accuracy": 0.25510204081632654
    },
    "multilabel_task": {
      "n": 9,
      "need_ask": 9,
      "asked": 9,
      "ask_acc": 0,
      "ask_rate": 1.0,
      "need_rate": 1.0,
      "ask_decision_accuracy": 1.0
    }
  }
}