{
  "n": 300,
  "ask_precision": 0.2872727272727273,
  "ask_recall": 0.9080459770114943,
  "ask_f1": 0.4364640883977901,
  "avg_question_similarity": 0.19109286282722232,
  "plan_object_accuracy": 0.91,
  "plan_location_accuracy": 0.4866666666666667,
  "breakdown_by_category": {
    "creative_singlelabel_task": {
      "n": 12,
      "need_ask": 0,
      "asked": 10,
      "ask_acc": 0,
      "ask_rate": 0.8333333333333334,
      "need_rate": 0.0,
      "ask_decision_accuracy": 0.16666666666666666
    },
    "spatial_ambiguous_task": {
      "n": 60,
      "need_ask": 60,
      "asked": 52,
      "ask_acc": 0,
      "ask_rate": 0.8666666666666667,
      "need_rate": 1.0,
      "ask_decision_accuracy": 0.8666666666666667
    },
    "unambiguous_task": {
      "n": 20,
      "need_ask": 0,
      "asked": 5,
      "ask_acc": 0,
      "ask_rate": 0.25,
      "need_rate": 0.0,
      "ask_decision_accuracy": 0.75
    },
    "creative_multilabel_task": {
      "n": 18,
      "need_ask": 18,
      "asked": 18,
      "ask_acc": 0,
      "ask_rate": 1.0,
      "need_rate": 1.0,
      "ask_decision_accuracy": 1.0
    },
    "winograd_task": {
      "n": 50,
      "need_ask": 0,
      "asked": 50,
      "ask_acc": 0,
      "ask_rate": 1.0,
      "need_rate": 0.0,
      "ask_decision_accuracy": 0.0
    },
    "unsafe_task": {
      "n": 33,
      "need_ask": 0,
      "asked": 33,
      "ask_acc": 0,
      "ask_rate": 1.0,
      "need_rate": 0.0,
      "ask_decision_accuracy": 0.0
    },
    "singlelabel_task": {
      "n": 98,
      "need_ask": 0,
      "asked": 98,
      "ask_acc": 0,
      "ask_rate": 1.0,
      "need_rate": 0.0,
      "ask_decision_accuracy": 0.0
    },
    "multilabel_task": {
      "n": 9,
      "need_ask": 9,
      "asked": 9,
      "ask_acc": 0,
      "ask_rate": 1.0,
      "need_rate": 1.0,
      "ask_decision_accuracy": 1.0
    }
  }
}