{
  "n": 300,
  "ask_precision": 0.29411764705882354,
  "ask_recall": 0.7471264367816092,
  "ask_f1": 0.4220779220779221,
  "avg_question_similarity": 0.10330695270245613,
  "plan_object_accuracy": 0.89,
  "plan_location_accuracy": 0.4866666666666667,
  "breakdown_by_category": {
    "creative_singlelabel_task": {
      "n": 12,
      "need_ask": 0,
      "asked": 6,
      "ask_acc": 0,
      "ask_rate": 0.5,
      "need_rate": 0.0,
      "ask_decision_accuracy": 0.5
    },
    "spatial_ambiguous_task": {
      "n": 60,
      "need_ask": 60,
      "asked": 45,
      "ask_acc": 0,
      "ask_rate": 0.75,
      "need_rate": 1.0,
      "ask_decision_accuracy": 0.75
    },
    "unambiguous_task": {
      "n": 20,
      "need_ask": 0,
      "asked": 14,
      "ask_acc": 0,
      "ask_rate": 0.7,
      "need_rate": 0.0,
      "ask_decision_accuracy": 0.3
    },
    "creative_multilabel_task": {
      "n": 18,
      "need_ask": 18,
      "asked": 12,
      "ask_acc": 0,
      "ask_rate": 0.6666666666666666,
      "need_rate": 1.0,
      "ask_decision_accuracy": 0.6666666666666666
    },
    "winograd_task": {
      "n": 50,
      "need_ask": 0,
      "asked": 40,
      "ask_acc": 0,
      "ask_rate": 0.8,
      "need_rate": 0.0,
      "ask_decision_accuracy": 0.2
    },
    "unsafe_task": {
      "n": 33,
      "need_ask": 0,
      "asked": 23,
      "ask_acc": 0,
      "ask_rate": 0.696969696969697,
      "need_rate": 0.0,
      "ask_decision_accuracy": 0.30303030303030304
    },
    "singlelabel_task": {
      "n": 98,
      "need_ask": 0,
      "asked": 73,
      "ask_acc": 0,
      "ask_rate": 0.7448979591836735,
      "need_rate": 0.0,
      "ask_decision_accuracy": 0.25510204081632654
    },
    "multilabel_task": {
      "n": 9,
      "need_ask": 9,
      "asked": 8,
      "ask_acc": 0,
      "ask_rate": 0.8888888888888888,
      "need_rate": 1.0,
      "ask_decision_accuracy": 0.8888888888888888
    }
  }
}