{
  "n": 300,
  "ask_precision": 0.29017857142857145,
  "ask_recall": 0.7471264367816092,
  "ask_f1": 0.41800643086816724,
  "avg_question_similarity": 0.09862816594173442,
  "plan_object_accuracy": 0.8733333333333333,
  "plan_location_accuracy": 0.47,
  "breakdown_by_category": {
    "creative_singlelabel_task": {
      "n": 12,
      "need_ask": 0,
      "asked": 9,
      "ask_acc": 0,
      "ask_rate": 0.75,
      "need_rate": 0.0,
      "ask_decision_accuracy": 0.25
    },
    "spatial_ambiguous_task": {
      "n": 60,
      "need_ask": 60,
      "asked": 50,
      "ask_acc": 0,
      "ask_rate": 0.8333333333333334,
      "need_rate": 1.0,
      "ask_decision_accuracy": 0.8333333333333334
    },
    "unambiguous_task": {
      "n": 20,
      "need_ask": 0,
      "asked": 20,
      "ask_acc": 0,
      "ask_rate": 1.0,
      "need_rate": 0.0,
      "ask_decision_accuracy": 0.0
    },
    "creative_multilabel_task": {
      "n": 18,
      "need_ask": 18,
      "asked": 8,
      "ask_acc": 0,
      "ask_rate": 0.4444444444444444,
      "need_rate": 1.0,
      "ask_decision_accuracy": 0.4444444444444444
    },
    "winograd_task": {
      "n": 50,
      "need_ask": 0,
      "asked": 36,
      "ask_acc": 0,
      "ask_rate": 0.72,
      "need_rate": 0.0,
      "ask_decision_accuracy": 0.28
    },
    "unsafe_task": {
      "n": 33,
      "need_ask": 0,
      "asked": 21,
      "ask_acc": 0,
      "ask_rate": 0.6363636363636364,
      "need_rate": 0.0,
      "ask_decision_accuracy": 0.36363636363636365
    },
    "singlelabel_task": {
      "n": 98,
      "need_ask": 0,
      "asked": 73,
      "ask_acc": 0,
      "ask_rate": 0.7448979591836735,
      "need_rate": 0.0,
      "ask_decision_accuracy": 0.25510204081632654
    },
    "multilabel_task": {
      "n": 9,
      "need_ask": 9,
      "asked": 7,
      "ask_acc": 0,
      "ask_rate": 0.7777777777777778,
      "need_rate": 1.0,
      "ask_decision_accuracy": 0.7777777777777778
    }
  }
}