{
  "n": 300,
  "ask_precision": 0.2590909090909091,
  "ask_recall": 0.6551724137931034,
  "ask_f1": 0.37133550488599354,
  "avg_question_similarity": 0.10703947143938715,
  "plan_object_accuracy": 0.86,
  "plan_location_accuracy": 0.44333333333333336,
  "breakdown_by_category": {
    "creative_singlelabel_task": {
      "n": 12,
      "need_ask": 0,
      "asked": 7,
      "ask_acc": 0,
      "ask_rate": 0.5833333333333334,
      "need_rate": 0.0,
      "ask_decision_accuracy": 0.4166666666666667
    },
    "spatial_ambiguous_task": {
      "n": 60,
      "need_ask": 60,
      "asked": 42,
      "ask_acc": 0,
      "ask_rate": 0.7,
      "need_rate": 1.0,
      "ask_decision_accuracy": 0.7
    },
    "unambiguous_task": {
      "n": 20,
      "need_ask": 0,
      "asked": 18,
      "ask_acc": 0,
      "ask_rate": 0.9,
      "need_rate": 0.0,
      "ask_decision_accuracy": 0.1
    },
    "creative_multilabel_task": {
      "n": 18,
      "need_ask": 18,
      "asked": 6,
      "ask_acc": 0,
      "ask_rate": 0.3333333333333333,
      "need_rate": 1.0,
      "ask_decision_accuracy": 0.3333333333333333
    },
    "winograd_task": {
      "n": 50,
      "need_ask": 0,
      "asked": 41,
      "ask_acc": 0,
      "ask_rate": 0.82,
      "need_rate": 0.0,
      "ask_decision_accuracy": 0.18
    },
    "unsafe_task": {
      "n": 33,
      "need_ask": 0,
      "asked": 24,
      "ask_acc": 0,
      "ask_rate": 0.7272727272727273,
      "need_rate": 0.0,
      "ask_decision_accuracy": 0.2727272727272727
    },
    "singlelabel_task": {
      "n": 98,
      "need_ask": 0,
      "asked": 73,
      "ask_acc": 0,
      "ask_rate": 0.7448979591836735,
      "need_rate": 0.0,
      "ask_decision_accuracy": 0.25510204081632654
    },
    "multilabel_task": {
      "n": 9,
      "need_ask": 9,
      "asked": 9,
      "ask_acc": 0,
      "ask_rate": 1.0,
      "need_rate": 1.0,
      "ask_decision_accuracy": 1.0
    }
  }
}