{
  "n": 300,
  "ask_precision": 0.26222222222222225,
  "ask_recall": 0.6781609195402298,
  "ask_f1": 0.37820512820512825,
  "avg_question_similarity": 0.10472800083211986,
  "plan_object_accuracy": 0.86,
  "plan_location_accuracy": 0.44,
  "breakdown_by_category": {
    "creative_singlelabel_task": {
      "n": 12,
      "need_ask": 0,
      "asked": 8,
      "ask_acc": 0,
      "ask_rate": 0.6666666666666666,
      "need_rate": 0.0,
      "ask_decision_accuracy": 0.3333333333333333
    },
    "spatial_ambiguous_task": {
      "n": 60,
      "need_ask": 60,
      "asked": 43,
      "ask_acc": 0,
      "ask_rate": 0.7166666666666667,
      "need_rate": 1.0,
      "ask_decision_accuracy": 0.7166666666666667
    },
    "unambiguous_task": {
      "n": 20,
      "need_ask": 0,
      "asked": 16,
      "ask_acc": 0,
      "ask_rate": 0.8,
      "need_rate": 0.0,
      "ask_decision_accuracy": 0.2
    },
    "creative_multilabel_task": {
      "n": 18,
      "need_ask": 18,
      "asked": 10,
      "ask_acc": 0,
      "ask_rate": 0.5555555555555556,
      "need_rate": 1.0,
      "ask_decision_accuracy": 0.5555555555555556
    },
    "winograd_task": {
      "n": 50,
      "need_ask": 0,
      "asked": 40,
      "ask_acc": 0,
      "ask_rate": 0.8,
      "need_rate": 0.0,
      "ask_decision_accuracy": 0.2
    },
    "unsafe_task": {
      "n": 33,
      "need_ask": 0,
      "asked": 22,
      "ask_acc": 0,
      "ask_rate": 0.6666666666666666,
      "need_rate": 0.0,
      "ask_decision_accuracy": 0.3333333333333333
    },
    "singlelabel_task": {
      "n": 98,
      "need_ask": 0,
      "asked": 80,
      "ask_acc": 0,
      "ask_rate": 0.8163265306122449,
      "need_rate": 0.0,
      "ask_decision_accuracy": 0.1836734693877551
    },
    "multilabel_task": {
      "n": 9,
      "need_ask": 9,
      "asked": 6,
      "ask_acc": 0,
      "ask_rate": 0.6666666666666666,
      "need_rate": 1.0,
      "ask_decision_accuracy": 0.6666666666666666
    }
  }
}