{
  "n": 300,
  "ask_precision": 0.27232142857142855,
  "ask_recall": 0.7011494252873564,
  "ask_f1": 0.39228295819935693,
  "avg_question_similarity": 0.09554971438055097,
  "plan_object_accuracy": 0.86,
  "plan_location_accuracy": 0.43333333333333335,
  "breakdown_by_category": {
    "creative_singlelabel_task": {
      "n": 12,
      "need_ask": 0,
      "asked": 10,
      "ask_acc": 0,
      "ask_rate": 0.8333333333333334,
      "need_rate": 0.0,
      "ask_decision_accuracy": 0.16666666666666666
    },
    "spatial_ambiguous_task": {
      "n": 60,
      "need_ask": 60,
      "asked": 46,
      "ask_acc": 0,
      "ask_rate": 0.7666666666666667,
      "need_rate": 1.0,
      "ask_decision_accuracy": 0.7666666666666667
    },
    "unambiguous_task": {
      "n": 20,
      "need_ask": 0,
      "asked": 15,
      "ask_acc": 0,
      "ask_rate": 0.75,
      "need_rate": 0.0,
      "ask_decision_accuracy": 0.25
    },
    "creative_multilabel_task": {
      "n": 18,
      "need_ask": 18,
      "asked": 8,
      "ask_acc": 0,
      "ask_rate": 0.4444444444444444,
      "need_rate": 1.0,
      "ask_decision_accuracy": 0.4444444444444444
    },
    "winograd_task": {
      "n": 50,
      "need_ask": 0,
      "asked": 36,
      "ask_acc": 0,
      "ask_rate": 0.72,
      "need_rate": 0.0,
      "ask_decision_accuracy": 0.28
    },
    "unsafe_task": {
      "n": 33,
      "need_ask": 0,
      "asked": 24,
      "ask_acc": 0,
      "ask_rate": 0.7272727272727273,
      "need_rate": 0.0,
      "ask_decision_accuracy": 0.2727272727272727
    },
    "singlelabel_task": {
      "n": 98,
      "need_ask": 0,
      "asked": 78,
      "ask_acc": 0,
      "ask_rate": 0.7959183673469388,
      "need_rate": 0.0,
      "ask_decision_accuracy": 0.20408163265306123
    },
    "multilabel_task": {
      "n": 9,
      "need_ask": 9,
      "asked": 7,
      "ask_acc": 0,
      "ask_rate": 0.7777777777777778,
      "need_rate": 1.0,
      "ask_decision_accuracy": 0.7777777777777778
    }
  }
}