{
  "n": 300,
  "ask_precision": 0.28761061946902655,
  "ask_recall": 0.7471264367816092,
  "ask_f1": 0.41533546325878595,
  "avg_question_similarity": 0.09726877471007687,
  "plan_object_accuracy": 0.8733333333333333,
  "plan_location_accuracy": 0.47333333333333333,
  "breakdown_by_category": {
    "creative_singlelabel_task": {
      "n": 12,
      "need_ask": 0,
      "asked": 6,
      "ask_acc": 0,
      "ask_rate": 0.5,
      "need_rate": 0.0,
      "ask_decision_accuracy": 0.5
    },
    "spatial_ambiguous_task": {
      "n": 60,
      "need_ask": 60,
      "asked": 48,
      "ask_acc": 0,
      "ask_rate": 0.8,
      "need_rate": 1.0,
      "ask_decision_accuracy": 0.8
    },
    "unambiguous_task": {
      "n": 20,
      "need_ask": 0,
      "asked": 17,
      "ask_acc": 0,
      "ask_rate": 0.85,
      "need_rate": 0.0,
      "ask_decision_accuracy": 0.15
    },
    "creative_multilabel_task": {
      "n": 18,
      "need_ask": 18,
      "asked": 11,
      "ask_acc": 0,
      "ask_rate": 0.6111111111111112,
      "need_rate": 1.0,
      "ask_decision_accuracy": 0.6111111111111112
    },
    "winograd_task": {
      "n": 50,
      "need_ask": 0,
      "asked": 36,
      "ask_acc": 0,
      "ask_rate": 0.72,
      "need_rate": 0.0,
      "ask_decision_accuracy": 0.28
    },
    "unsafe_task": {
      "n": 33,
      "need_ask": 0,
      "asked": 26,
      "ask_acc": 0,
      "ask_rate": 0.7878787878787878,
      "need_rate": 0.0,
      "ask_decision_accuracy": 0.21212121212121213
    },
    "singlelabel_task": {
      "n": 98,
      "need_ask": 0,
      "asked": 76,
      "ask_acc": 0,
      "ask_rate": 0.7755102040816326,
      "need_rate": 0.0,
      "ask_decision_accuracy": 0.22448979591836735
    },
    "multilabel_task": {
      "n": 9,
      "need_ask": 9,
      "asked": 6,
      "ask_acc": 0,
      "ask_rate": 0.6666666666666666,
      "need_rate": 1.0,
      "ask_decision_accuracy": 0.6666666666666666
    }
  }
}