{
  "n": 300,
  "ask_precision": 0.27312775330396477,
  "ask_recall": 0.7126436781609196,
  "ask_f1": 0.3949044585987261,
  "avg_question_similarity": 0.08808803327070884,
  "plan_object_accuracy": 0.8666666666666667,
  "plan_location_accuracy": 0.45,
  "breakdown_by_category": {
    "creative_singlelabel_task": {
      "n": 12,
      "need_ask": 0,
      "asked": 9,
      "ask_acc": 0,
      "ask_rate": 0.75,
      "need_rate": 0.0,
      "ask_decision_accuracy": 0.25
    },
    "spatial_ambiguous_task": {
      "n": 60,
      "need_ask": 60,
      "asked": 42,
      "ask_acc": 0,
      "ask_rate": 0.7,
      "need_rate": 1.0,
      "ask_decision_accuracy": 0.7
    },
    "unambiguous_task": {
      "n": 20,
      "need_ask": 0,
      "asked": 13,
      "ask_acc": 0,
      "ask_rate": 0.65,
      "need_rate": 0.0,
      "ask_decision_accuracy": 0.35
    },
    "creative_multilabel_task": {
      "n": 18,
      "need_ask": 18,
      "asked": 11,
      "ask_acc": 0,
      "ask_rate": 0.6111111111111112,
      "need_rate": 1.0,
      "ask_decision_accuracy": 0.6111111111111112
    },
    "winograd_task": {
      "n": 50,
      "need_ask": 0,
      "asked": 38,
      "ask_acc": 0,
      "ask_rate": 0.76,
      "need_rate": 0.0,
      "ask_decision_accuracy": 0.24
    },
    "unsafe_task": {
      "n": 33,
      "need_ask": 0,
      "asked": 26,
      "ask_acc": 0,
      "ask_rate": 0.7878787878787878,
      "need_rate": 0.0,
      "ask_decision_accuracy": 0.21212121212121213
    },
    "singlelabel_task": {
      "n": 98,
      "need_ask": 0,
      "asked": 79,
      "ask_acc": 0,
      "ask_rate": 0.8061224489795918,
      "need_rate": 0.0,
      "ask_decision_accuracy": 0.19387755102040816
    },
    "multilabel_task": {
      "n": 9,
      "need_ask": 9,
      "asked": 9,
      "ask_acc": 0,
      "ask_rate": 1.0,
      "need_rate": 1.0,
      "ask_decision_accuracy": 1.0
    }
  }
}