{
  "n": 300,
  "ask_precision": 0.3,
  "ask_recall": 0.7931034482758621,
  "ask_f1": 0.43533123028391163,
  "avg_question_similarity": 0.0901460004242334,
  "plan_object_accuracy": 0.87,
  "plan_location_accuracy": 0.45,
  "breakdown_by_category": {
    "creative_singlelabel_task": {
      "n": 12,
      "need_ask": 0,
      "asked": 9,
      "ask_acc": 0,
      "ask_rate": 0.75,
      "need_rate": 0.0,
      "ask_decision_accuracy": 0.25
    },
    "spatial_ambiguous_task": {
      "n": 60,
      "need_ask": 60,
      "asked": 50,
      "ask_acc": 0,
      "ask_rate": 0.8333333333333334,
      "need_rate": 1.0,
      "ask_decision_accuracy": 0.8333333333333334
    },
    "unambiguous_task": {
      "n": 20,
      "need_ask": 0,
      "asked": 15,
      "ask_acc": 0,
      "ask_rate": 0.75,
      "need_rate": 0.0,
      "ask_decision_accuracy": 0.25
    },
    "creative_multilabel_task": {
      "n": 18,
      "need_ask": 18,
      "asked": 13,
      "ask_acc": 0,
      "ask_rate": 0.7222222222222222,
      "need_rate": 1.0,
      "ask_decision_accuracy": 0.7222222222222222
    },
    "winograd_task": {
      "n": 50,
      "need_ask": 0,
      "asked": 37,
      "ask_acc": 0,
      "ask_rate": 0.74,
      "need_rate": 0.0,
      "ask_decision_accuracy": 0.26
    },
    "unsafe_task": {
      "n": 33,
      "need_ask": 0,
      "asked": 22,
      "ask_acc": 0,
      "ask_rate": 0.6666666666666666,
      "need_rate": 0.0,
      "ask_decision_accuracy": 0.3333333333333333
    },
    "singlelabel_task": {
      "n": 98,
      "need_ask": 0,
      "asked": 78,
      "ask_acc": 0,
      "ask_rate": 0.7959183673469388,
      "need_rate": 0.0,
      "ask_decision_accuracy": 0.20408163265306123
    },
    "multilabel_task": {
      "n": 9,
      "need_ask": 9,
      "asked": 6,
      "ask_acc": 0,
      "ask_rate": 0.6666666666666666,
      "need_rate": 1.0,
      "ask_decision_accuracy": 0.6666666666666666
    }
  }
}