{
  "n": 300,
  "ask_precision": 0.0,
  "ask_recall": 0.0,
  "ask_f1": 0.0,
  "avg_question_similarity": 0.0,
  "plan_object_accuracy": 0.056666666666666664,
  "plan_location_accuracy": 0.006666666666666667,
  "breakdown_by_category": {
    "creative_singlelabel_task": {
      "n": 12,
      "need_ask": 0,
      "asked": 0,
      "ask_acc": 0,
      "ask_rate": 0.0,
      "need_rate": 0.0,
      "ask_decision_accuracy": 1.0
    },
    "spatial_ambiguous_task": {
      "n": 60,
      "need_ask": 60,
      "asked": 0,
      "ask_acc": 0,
      "ask_rate": 0.0,
      "need_rate": 1.0,
      "ask_decision_accuracy": 0.0
    },
    "unambiguous_task": {
      "n": 20,
      "need_ask": 0,
      "asked": 0,
      "ask_acc": 0,
      "ask_rate": 0.0,
      "need_rate": 0.0,
      "ask_decision_accuracy": 1.0
    },
    "creative_multilabel_task": {
      "n": 18,
      "need_ask": 18,
      "asked": 0,
      "ask_acc": 0,
      "ask_rate": 0.0,
      "need_rate": 1.0,
      "ask_decision_accuracy": 0.0
    },
    "winograd_task": {
      "n": 50,
      "need_ask": 0,
      "asked": 0,
      "ask_acc": 0,
      "ask_rate": 0.0,
      "need_rate": 0.0,
      "ask_decision_accuracy": 1.0
    },
    "unsafe_task": {
      "n": 33,
      "need_ask": 0,
      "asked": 0,
      "ask_acc": 0,
      "ask_rate": 0.0,
      "need_rate": 0.0,
      "ask_decision_accuracy": 1.0
    },
    "singlelabel_task": {
      "n": 98,
      "need_ask": 0,
      "asked": 0,
      "ask_acc": 0,
      "ask_rate": 0.0,
      "need_rate": 0.0,
      "ask_decision_accuracy": 1.0
    },
    "multilabel_task": {
      "n": 9,
      "need_ask": 9,
      "asked": 0,
      "ask_acc": 0,
      "ask_rate": 0.0,
      "need_rate": 1.0,
      "ask_decision_accuracy": 0.0
    }
  }
}