{
  "n": 300,
  "ask_precision": 0.25217391304347825,
  "ask_recall": 0.6666666666666666,
  "ask_f1": 0.3659305993690852,
  "avg_question_similarity": 0.0935212690653856,
  "plan_object_accuracy": 0.8733333333333333,
  "plan_location_accuracy": 0.47,
  "breakdown_by_category": {
    "creative_singlelabel_task": {
      "n": 12,
      "need_ask": 0,
      "asked": 9,
      "ask_acc": 0,
      "ask_rate": 0.75,
      "need_rate": 0.0,
      "ask_decision_accuracy": 0.25
    },
    "spatial_ambiguous_task": {
      "n": 60,
      "need_ask": 60,
      "asked": 43,
      "ask_acc": 0,
      "ask_rate": 0.7166666666666667,
      "need_rate": 1.0,
      "ask_decision_accuracy": 0.7166666666666667
    },
    "unambiguous_task": {
      "n": 20,
      "need_ask": 0,
      "asked": 18,
      "ask_acc": 0,
      "ask_rate": 0.9,
      "need_rate": 0.0,
      "ask_decision_accuracy": 0.1
    },
    "creative_multilabel_task": {
      "n": 18,
      "need_ask": 18,
      "asked": 7,
      "ask_acc": 0,
      "ask_rate": 0.3888888888888889,
      "need_rate": 1.0,
      "ask_decision_accuracy": 0.3888888888888889
    },
    "winograd_task": {
      "n": 50,
      "need_ask": 0,
      "asked": 42,
      "ask_acc": 0,
      "ask_rate": 0.84,
      "need_rate": 0.0,
      "ask_decision_accuracy": 0.16
    },
    "unsafe_task": {
      "n": 33,
      "need_ask": 0,
      "asked": 27,
      "ask_acc": 0,
      "ask_rate": 0.8181818181818182,
      "need_rate": 0.0,
      "ask_decision_accuracy": 0.18181818181818182
    },
    "singlelabel_task": {
      "n": 98,
      "need_ask": 0,
      "asked": 76,
      "ask_acc": 0,
      "ask_rate": 0.7755102040816326,
      "need_rate": 0.0,
      "ask_decision_accuracy": 0.22448979591836735
    },
    "multilabel_task": {
      "n": 9,
      "need_ask": 9,
      "asked": 8,
      "ask_acc": 0,
      "ask_rate": 0.8888888888888888,
      "need_rate": 1.0,
      "ask_decision_accuracy": 0.8888888888888888
    }
  }
}