{
  "n": 300,
  "ask_precision": 0.2794759825327511,
  "ask_recall": 0.735632183908046,
  "ask_f1": 0.4050632911392405,
  "avg_question_similarity": 0.09274906160095614,
  "plan_object_accuracy": 0.89,
  "plan_location_accuracy": 0.48333333333333334,
  "breakdown_by_category": {
    "creative_singlelabel_task": {
      "n": 12,
      "need_ask": 0,
      "asked": 7,
      "ask_acc": 0,
      "ask_rate": 0.5833333333333334,
      "need_rate": 0.0,
      "ask_decision_accuracy": 0.4166666666666667
    },
    "spatial_ambiguous_task": {
      "n": 60,
      "need_ask": 60,
      "asked": 49,
      "ask_acc": 0,
      "ask_rate": 0.8166666666666667,
      "need_rate": 1.0,
      "ask_decision_accuracy": 0.8166666666666667
    },
    "unambiguous_task": {
      "n": 20,
      "need_ask": 0,
      "asked": 12,
      "ask_acc": 0,
      "ask_rate": 0.6,
      "need_rate": 0.0,
      "ask_decision_accuracy": 0.4
    },
    "creative_multilabel_task": {
      "n": 18,
      "need_ask": 18,
      "asked": 9,
      "ask_acc": 0,
      "ask_rate": 0.5,
      "need_rate": 1.0,
      "ask_decision_accuracy": 0.5
    },
    "winograd_task": {
      "n": 50,
      "need_ask": 0,
      "asked": 36,
      "ask_acc": 0,
      "ask_rate": 0.72,
      "need_rate": 0.0,
      "ask_decision_accuracy": 0.28
    },
    "unsafe_task": {
      "n": 33,
      "need_ask": 0,
      "asked": 25,
      "ask_acc": 0,
      "ask_rate": 0.7575757575757576,
      "need_rate": 0.0,
      "ask_decision_accuracy": 0.24242424242424243
    },
    "singlelabel_task": {
      "n": 98,
      "need_ask": 0,
      "asked": 85,
      "ask_acc": 0,
      "ask_rate": 0.8673469387755102,
      "need_rate": 0.0,
      "ask_decision_accuracy": 0.1326530612244898
    },
    "multilabel_task": {
      "n": 9,
      "need_ask": 9,
      "asked": 6,
      "ask_acc": 0,
      "ask_rate": 0.6666666666666666,
      "need_rate": 1.0,
      "ask_decision_accuracy": 0.6666666666666666
    }
  }
}