{
  "n": 300,
  "ask_precision": 0.2818181818181818,
  "ask_recall": 0.7126436781609196,
  "ask_f1": 0.40390879478827363,
  "avg_question_similarity": 0.09370640264139043,
  "plan_object_accuracy": 0.87,
  "plan_location_accuracy": 0.43333333333333335,
  "breakdown_by_category": {
    "creative_singlelabel_task": {
      "n": 12,
      "need_ask": 0,
      "asked": 7,
      "ask_acc": 0,
      "ask_rate": 0.5833333333333334,
      "need_rate": 0.0,
      "ask_decision_accuracy": 0.4166666666666667
    },
    "spatial_ambiguous_task": {
      "n": 60,
      "need_ask": 60,
      "asked": 45,
      "ask_acc": 0,
      "ask_rate": 0.75,
      "need_rate": 1.0,
      "ask_decision_accuracy": 0.75
    },
    "unambiguous_task": {
      "n": 20,
      "need_ask": 0,
      "asked": 17,
      "ask_acc": 0,
      "ask_rate": 0.85,
      "need_rate": 0.0,
      "ask_decision_accuracy": 0.15
    },
    "creative_multilabel_task": {
      "n": 18,
      "need_ask": 18,
      "asked": 9,
      "ask_acc": 0,
      "ask_rate": 0.5,
      "need_rate": 1.0,
      "ask_decision_accuracy": 0.5
    },
    "winograd_task": {
      "n": 50,
      "need_ask": 0,
      "asked": 38,
      "ask_acc": 0,
      "ask_rate": 0.76,
      "need_rate": 0.0,
      "ask_decision_accuracy": 0.24
    },
    "unsafe_task": {
      "n": 33,
      "need_ask": 0,
      "asked": 22,
      "ask_acc": 0,
      "ask_rate": 0.6666666666666666,
      "need_rate": 0.0,
      "ask_decision_accuracy": 0.3333333333333333
    },
    "singlelabel_task": {
      "n": 98,
      "need_ask": 0,
      "asked": 74,
      "ask_acc": 0,
      "ask_rate": 0.7551020408163265,
      "need_rate": 0.0,
      "ask_decision_accuracy": 0.24489795918367346
    },
    "multilabel_task": {
      "n": 9,
      "need_ask": 9,
      "asked": 8,
      "ask_acc": 0,
      "ask_rate": 0.8888888888888888,
      "need_rate": 1.0,
      "ask_decision_accuracy": 0.8888888888888888
    }
  }
}