{
  "n": 300,
  "ask_precision": 0.23728813559322035,
  "ask_recall": 0.6436781609195402,
  "ask_f1": 0.3467492260061919,
  "avg_question_similarity": 0.08156876361437879,
  "plan_object_accuracy": 0.85,
  "plan_location_accuracy": 0.48,
  "breakdown_by_category": {
    "creative_singlelabel_task": {
      "n": 12,
      "need_ask": 0,
      "asked": 9,
      "ask_acc": 0,
      "ask_rate": 0.75,
      "need_rate": 0.0,
      "ask_decision_accuracy": 0.25
    },
    "spatial_ambiguous_task": {
      "n": 60,
      "need_ask": 60,
      "asked": 41,
      "ask_acc": 0,
      "ask_rate": 0.6833333333333333,
      "need_rate": 1.0,
      "ask_decision_accuracy": 0.6833333333333333
    },
    "unambiguous_task": {
      "n": 20,
      "need_ask": 0,
      "asked": 19,
      "ask_acc": 0,
      "ask_rate": 0.95,
      "need_rate": 0.0,
      "ask_decision_accuracy": 0.05
    },
    "creative_multilabel_task": {
      "n": 18,
      "need_ask": 18,
      "asked": 9,
      "ask_acc": 0,
      "ask_rate": 0.5,
      "need_rate": 1.0,
      "ask_decision_accuracy": 0.5
    },
    "winograd_task": {
      "n": 50,
      "need_ask": 0,
      "asked": 48,
      "ask_acc": 0,
      "ask_rate": 0.96,
      "need_rate": 0.0,
      "ask_decision_accuracy": 0.04
    },
    "unsafe_task": {
      "n": 33,
      "need_ask": 0,
      "asked": 27,
      "ask_acc": 0,
      "ask_rate": 0.8181818181818182,
      "need_rate": 0.0,
      "ask_decision_accuracy": 0.18181818181818182
    },
    "singlelabel_task": {
      "n": 98,
      "need_ask": 0,
      "asked": 77,
      "ask_acc": 0,
      "ask_rate": 0.7857142857142857,
      "need_rate": 0.0,
      "ask_decision_accuracy": 0.21428571428571427
    },
    "multilabel_task": {
      "n": 9,
      "need_ask": 9,
      "asked": 6,
      "ask_acc": 0,
      "ask_rate": 0.6666666666666666,
      "need_rate": 1.0,
      "ask_decision_accuracy": 0.6666666666666666
    }
  }
}