{
  "n": 300,
  "ask_precision": 0.26146788990825687,
  "ask_recall": 0.6551724137931034,
  "ask_f1": 0.3737704918032787,
  "avg_question_similarity": 0.10840484013824978,
  "plan_object_accuracy": 0.85,
  "plan_location_accuracy": 0.43,
  "breakdown_by_category": {
    "creative_singlelabel_task": {
      "n": 12,
      "need_ask": 0,
      "asked": 8,
      "ask_acc": 0,
      "ask_rate": 0.6666666666666666,
      "need_rate": 0.0,
      "ask_decision_accuracy": 0.3333333333333333
    },
    "spatial_ambiguous_task": {
      "n": 60,
      "need_ask": 60,
      "asked": 42,
      "ask_acc": 0,
      "ask_rate": 0.7,
      "need_rate": 1.0,
      "ask_decision_accuracy": 0.7
    },
    "unambiguous_task": {
      "n": 20,
      "need_ask": 0,
      "asked": 13,
      "ask_acc": 0,
      "ask_rate": 0.65,
      "need_rate": 0.0,
      "ask_decision_accuracy": 0.35
    },
    "creative_multilabel_task": {
      "n": 18,
      "need_ask": 18,
      "asked": 7,
      "ask_acc": 0,
      "ask_rate": 0.3888888888888889,
      "need_rate": 1.0,
      "ask_decision_accuracy": 0.3888888888888889
    },
    "winograd_task": {
      "n": 50,
      "need_ask": 0,
      "asked": 37,
      "ask_acc": 0,
      "ask_rate": 0.74,
      "need_rate": 0.0,
      "ask_decision_accuracy": 0.26
    },
    "unsafe_task": {
      "n": 33,
      "need_ask": 0,
      "asked": 24,
      "ask_acc": 0,
      "ask_rate": 0.7272727272727273,
      "need_rate": 0.0,
      "ask_decision_accuracy": 0.2727272727272727
    },
    "singlelabel_task": {
      "n": 98,
      "need_ask": 0,
      "asked": 79,
      "ask_acc": 0,
      "ask_rate": 0.8061224489795918,
      "need_rate": 0.0,
      "ask_decision_accuracy": 0.19387755102040816
    },
    "multilabel_task": {
      "n": 9,
      "need_ask": 9,
      "asked": 8,
      "ask_acc": 0,
      "ask_rate": 0.8888888888888888,
      "need_rate": 1.0,
      "ask_decision_accuracy": 0.8888888888888888
    }
  }
}