{
  "n": 300,
  "ask_precision": 0.2744186046511628,
  "ask_recall": 0.6781609195402298,
  "ask_f1": 0.39072847682119205,
  "avg_question_similarity": 0.08740184967049569,
  "plan_object_accuracy": 0.8566666666666667,
  "plan_location_accuracy": 0.44,
  "breakdown_by_category": {
    "creative_singlelabel_task": {
      "n": 12,
      "need_ask": 0,
      "asked": 6,
      "ask_acc": 0,
      "ask_rate": 0.5,
      "need_rate": 0.0,
      "ask_decision_accuracy": 0.5
    },
    "spatial_ambiguous_task": {
      "n": 60,
      "need_ask": 60,
      "asked": 44,
      "ask_acc": 0,
      "ask_rate": 0.7333333333333333,
      "need_rate": 1.0,
      "ask_decision_accuracy": 0.7333333333333333
    },
    "unambiguous_task": {
      "n": 20,
      "need_ask": 0,
      "asked": 15,
      "ask_acc": 0,
      "ask_rate": 0.75,
      "need_rate": 0.0,
      "ask_decision_accuracy": 0.25
    },
    "creative_multilabel_task": {
      "n": 18,
      "need_ask": 18,
      "asked": 9,
      "ask_acc": 0,
      "ask_rate": 0.5,
      "need_rate": 1.0,
      "ask_decision_accuracy": 0.5
    },
    "winograd_task": {
      "n": 50,
      "need_ask": 0,
      "asked": 36,
      "ask_acc": 0,
      "ask_rate": 0.72,
      "need_rate": 0.0,
      "ask_decision_accuracy": 0.28
    },
    "unsafe_task": {
      "n": 33,
      "need_ask": 0,
      "asked": 21,
      "ask_acc": 0,
      "ask_rate": 0.6363636363636364,
      "need_rate": 0.0,
      "ask_decision_accuracy": 0.36363636363636365
    },
    "singlelabel_task": {
      "n": 98,
      "need_ask": 0,
      "asked": 78,
      "ask_acc": 0,
      "ask_rate": 0.7959183673469388,
      "need_rate": 0.0,
      "ask_decision_accuracy": 0.20408163265306123
    },
    "multilabel_task": {
      "n": 9,
      "need_ask": 9,
      "asked": 6,
      "ask_acc": 0,
      "ask_rate": 0.6666666666666666,
      "need_rate": 1.0,
      "ask_decision_accuracy": 0.6666666666666666
    }
  }
}