{
  "n": 300,
  "ask_precision": 0.2905982905982906,
  "ask_recall": 0.7816091954022989,
  "ask_f1": 0.42367601246105924,
  "avg_question_similarity": 0.09637808484486944,
  "plan_object_accuracy": 0.8866666666666667,
  "plan_location_accuracy": 0.45666666666666667,
  "breakdown_by_category": {
    "creative_singlelabel_task": {
      "n": 12,
      "need_ask": 0,
      "asked": 9,
      "ask_acc": 0,
      "ask_rate": 0.75,
      "need_rate": 0.0,
      "ask_decision_accuracy": 0.25
    },
    "spatial_ambiguous_task": {
      "n": 60,
      "need_ask": 60,
      "asked": 48,
      "ask_acc": 0,
      "ask_rate": 0.8,
      "need_rate": 1.0,
      "ask_decision_accuracy": 0.8
    },
    "unambiguous_task": {
      "n": 20,
      "need_ask": 0,
      "asked": 10,
      "ask_acc": 0,
      "ask_rate": 0.5,
      "need_rate": 0.0,
      "ask_decision_accuracy": 0.5
    },
    "creative_multilabel_task": {
      "n": 18,
      "need_ask": 18,
      "asked": 13,
      "ask_acc": 0,
      "ask_rate": 0.7222222222222222,
      "need_rate": 1.0,
      "ask_decision_accuracy": 0.7222222222222222
    },
    "winograd_task": {
      "n": 50,
      "need_ask": 0,
      "asked": 39,
      "ask_acc": 0,
      "ask_rate": 0.78,
      "need_rate": 0.0,
      "ask_decision_accuracy": 0.22
    },
    "unsafe_task": {
      "n": 33,
      "need_ask": 0,
      "asked": 27,
      "ask_acc": 0,
      "ask_rate": 0.8181818181818182,
      "need_rate": 0.0,
      "ask_decision_accuracy": 0.18181818181818182
    },
    "singlelabel_task": {
      "n": 98,
      "need_ask": 0,
      "asked": 81,
      "ask_acc": 0,
      "ask_rate": 0.826530612244898,
      "need_rate": 0.0,
      "ask_decision_accuracy": 0.17346938775510204
    },
    "multilabel_task": {
      "n": 9,
      "need_ask": 9,
      "asked": 7,
      "ask_acc": 0,
      "ask_rate": 0.7777777777777778,
      "need_rate": 1.0,
      "ask_decision_accuracy": 0.7777777777777778
    }
  }
}