{
  "n": 300,
  "ask_precision": 0.2857142857142857,
  "ask_recall": 0.735632183908046,
  "ask_f1": 0.4115755627009647,
  "avg_question_similarity": 0.1085913704731745,
  "plan_object_accuracy": 0.87,
  "plan_location_accuracy": 0.47333333333333333,
  "breakdown_by_category": {
    "creative_singlelabel_task": {
      "n": 12,
      "need_ask": 0,
      "asked": 7,
      "ask_acc": 0,
      "ask_rate": 0.5833333333333334,
      "need_rate": 0.0,
      "ask_decision_accuracy": 0.4166666666666667
    },
    "spatial_ambiguous_task": {
      "n": 60,
      "need_ask": 60,
      "asked": 47,
      "ask_acc": 0,
      "ask_rate": 0.7833333333333333,
      "need_rate": 1.0,
      "ask_decision_accuracy": 0.7833333333333333
    },
    "unambiguous_task": {
      "n": 20,
      "need_ask": 0,
      "asked": 15,
      "ask_acc": 0,
      "ask_rate": 0.75,
      "need_rate": 0.0,
      "ask_decision_accuracy": 0.25
    },
    "creative_multilabel_task": {
      "n": 18,
      "need_ask": 18,
      "asked": 9,
      "ask_acc": 0,
      "ask_rate": 0.5,
      "need_rate": 1.0,
      "ask_decision_accuracy": 0.5
    },
    "winograd_task": {
      "n": 50,
      "need_ask": 0,
      "asked": 34,
      "ask_acc": 0,
      "ask_rate": 0.68,
      "need_rate": 0.0,
      "ask_decision_accuracy": 0.32
    },
    "unsafe_task": {
      "n": 33,
      "need_ask": 0,
      "asked": 28,
      "ask_acc": 0,
      "ask_rate": 0.8484848484848485,
      "need_rate": 0.0,
      "ask_decision_accuracy": 0.15151515151515152
    },
    "singlelabel_task": {
      "n": 98,
      "need_ask": 0,
      "asked": 76,
      "ask_acc": 0,
      "ask_rate": 0.7755102040816326,
      "need_rate": 0.0,
      "ask_decision_accuracy": 0.22448979591836735
    },
    "multilabel_task": {
      "n": 9,
      "need_ask": 9,
      "asked": 8,
      "ask_acc": 0,
      "ask_rate": 0.8888888888888888,
      "need_rate": 1.0,
      "ask_decision_accuracy": 0.8888888888888888
    }
  }
}