{
  "n": 300,
  "ask_precision": 0.24,
  "ask_recall": 0.6206896551724138,
  "ask_f1": 0.34615384615384615,
  "avg_question_similarity": 0.10020575837607941,
  "plan_object_accuracy": 0.8533333333333334,
  "plan_location_accuracy": 0.4166666666666667,
  "breakdown_by_category": {
    "creative_singlelabel_task": {
      "n": 12,
      "need_ask": 0,
      "asked": 8,
      "ask_acc": 0,
      "ask_rate": 0.6666666666666666,
      "need_rate": 0.0,
      "ask_decision_accuracy": 0.3333333333333333
    },
    "spatial_ambiguous_task": {
      "n": 60,
      "need_ask": 60,
      "asked": 38,
      "ask_acc": 0,
      "ask_rate": 0.6333333333333333,
      "need_rate": 1.0,
      "ask_decision_accuracy": 0.6333333333333333
    },
    "unambiguous_task": {
      "n": 20,
      "need_ask": 0,
      "asked": 14,
      "ask_acc": 0,
      "ask_rate": 0.7,
      "need_rate": 0.0,
      "ask_decision_accuracy": 0.3
    },
    "creative_multilabel_task": {
      "n": 18,
      "need_ask": 18,
      "asked": 9,
      "ask_acc": 0,
      "ask_rate": 0.5,
      "need_rate": 1.0,
      "ask_decision_accuracy": 0.5
    },
    "winograd_task": {
      "n": 50,
      "need_ask": 0,
      "asked": 37,
      "ask_acc": 0,
      "ask_rate": 0.74,
      "need_rate": 0.0,
      "ask_decision_accuracy": 0.26
    },
    "unsafe_task": {
      "n": 33,
      "need_ask": 0,
      "asked": 29,
      "ask_acc": 0,
      "ask_rate": 0.8787878787878788,
      "need_rate": 0.0,
      "ask_decision_accuracy": 0.12121212121212122
    },
    "singlelabel_task": {
      "n": 98,
      "need_ask": 0,
      "asked": 83,
      "ask_acc": 0,
      "ask_rate": 0.8469387755102041,
      "need_rate": 0.0,
      "ask_decision_accuracy": 0.15306122448979592
    },
    "multilabel_task": {
      "n": 9,
      "need_ask": 9,
      "asked": 7,
      "ask_acc": 0,
      "ask_rate": 0.7777777777777778,
      "need_rate": 1.0,
      "ask_decision_accuracy": 0.7777777777777778
    }
  }
}